"position.page","position.position","position.global_position","asin","price.discounted","price.current_price","price.currency","price.before_price","price.savings_amount","price.savings_percent","reviews.total_reviews","reviews.rating","url","score","sponsored","amazonChoice","bestSeller","amazonPrime","title","thumbnail"
1,1,1,"B00PCCMDGA",true,21,"INR",25,4,16,4076,4.5,"https://www.amazon.in/dp/B00PCCMDGA","18342.00",false,false,false,false,"Aashirvaad Salt,with 4-Step Advantage, 1kg","https://m.media-amazon.com/images/I/81NrftYFxsL._AC_UL320_.jpg"
1,3,3,"B07G4NT9CN",true,25,"INR",70,45,64.29,3790,4.5,"https://www.amazon.in/dp/B07G4NT9CN","17055.00",false,false,false,false,"Amazon Brand - Vedaka Premium Sugar, 1kg","https://m.media-amazon.com/images/I/815wnKaJFiL._AC_UL320_.jpg"
1,4,4,"B071NZD6G9",true,230,"INR",325,95,29.23,14109,4.4,"https://www.amazon.in/dp/B071NZD6G9","62079.60",false,false,false,false,"Trust Classic Sulphur less Refined Sugar, 5kg","https://m.media-amazon.com/images/I/81wQbp7TWUL._AC_UL320_.jpg"
1,5,5,"B01GCFBG3G",true,379,"INR",490,111,22.65,23264,4.4,"https://www.amazon.in/dp/B01GCFBG3G","102361.60",false,false,false,false,"Aashirvaad Superior MP Atta, 10kg","https://m.media-amazon.com/images/I/91o0m2iIpVL._AC_UL320_.jpg"
1,6,6,"B009BA7S8M",true,239,"INR",325,86,26.46,4551,4.5,"https://www.amazon.in/dp/B009BA7S8M","20479.50",false,false,true,false,"Aashirvaad Atta with Multigrains, 5kg","https://m.media-amazon.com/images/I/81ZZDWDpXqL._AC_UL320_.jpg"
1,7,7,"B07VF6JW31",true,309,"INR",405,96,23.7,4135,4.4,"https://www.amazon.in/dp/B07VF6JW31","18194.00",false,false,true,false,"Fortune Chakki Fresh Atta, 10 kg, 100% Atta 0% Maida","https://m.media-amazon.com/images/I/516L7l3+ltL._AC_UL320_.jpg"
1,8,8,"B07H32HHVY",true,136,"INR",300,164,54.67,3571,4.3,"https://www.amazon.in/dp/B07H32HHVY","15355.30",false,false,false,false,"Amazon Brand - Vedaka Premium Mixed Dal, 1kg","https://m.media-amazon.com/images/I/91x5wy9GxTL._AC_UL320_.jpg"
1,9,9,"B07KGG57RL",true,79,"INR",90,11,12.22,11598,4.4,"https://www.amazon.in/dp/B07KGG57RL","51031.20",false,false,false,false,"Sunfeast Dark Fantasy Choco Fills plus Coffee Fills Combo 75g (Buy 3 Get 1 Free)","https://m.media-amazon.com/images/I/81Crql2FqrL._AC_UL320_.jpg"
1,10,10,"B06ZXXTYKL",true,151,"INR",160,9,5.63,11817,4.3,"https://www.amazon.in/dp/B06ZXXTYKL","50813.10",false,false,false,false,"Fortune Soyabean Oil, 1L Pouch","https://m.media-amazon.com/images/I/51GyUUKe-0L._AC_UL320_.jpg"
2,1,11,"B07TZJH4CQ",true,195,"INR",280,85,30.36,539,4.4,"https://www.amazon.in/dp/B07TZJH4CQ","2371.60",false,false,false,false,"Sanifresh Ultrashine Toilet Cleaner -1.5 X Extra Strong Extra Clean - 2L (1L X 2)","https://m.media-amazon.com/images/I/81QYE-62Q+L._AC_UL320_.jpg"
2,2,12,"B07NQ45VCW",true,16,"INR",20,4,20,2034,4.5,"https://www.amazon.in/dp/B07NQ45VCW","9153.00",false,false,true,false,"Britannia Little Hearts , 75g","https://m.media-amazon.com/images/I/71gZSzcw2iL._AC_UL320_.jpg"
2,3,13,"B077Y7RSDZ",true,18,"INR",20,2,10,11507,4.4,"https://www.amazon.in/dp/B077Y7RSDZ","50630.80",false,false,false,false,"Amazon Brand - Vedaka Fenugreek (Methi), 100g","https://m.media-amazon.com/images/I/91VYXfBLuLL._AC_UL320_.jpg"
2,4,14,"B01GCE6PC4",true,168,"INR",185,17,9.19,8944,4.3,"https://www.amazon.in/dp/B01GCE6PC4","38459.20",false,false,false,false,"Fortune Sunlite Refined Sunflower Oil, 1L","https://m.media-amazon.com/images/I/51TH5xE+2sL._AC_UL320_.jpg"
2,5,15,"B07GY1JL7T",true,188,"INR",209,21,10.05,14544,4.5,"https://www.amazon.in/dp/B07GY1JL7T","65448.00",false,false,false,false,"Cadbury Bournvita Health Drink, 500 g","https://m.media-amazon.com/images/I/71CxBbJyQKL._AC_UL320_.jpg"
2,6,16,"B01LZVAUO6",false,30,"INR",0,0,0,2399,4.3,"https://www.amazon.in/dp/B01LZVAUO6","10315.70",false,false,false,false,"Gala 132817 Swash Card Steel Scrubber 1pc","https://m.media-amazon.com/images/I/81qoDjJHjTS._AC_UL320_.jpg"
2,8,18,"B081QWLJBY",true,115,"INR",150,35,23.33,3224,4.3,"https://www.amazon.in/dp/B081QWLJBY","13863.20",false,false,false,false,"Amazon Brand - Vedaka Popular Red Masoor Dal Split, 1 kg","https://m.media-amazon.com/images/I/81v6eA8lmBL._AC_UL320_.jpg"
2,9,19,"B07XY7DDW1",true,146,"INR",199,53,26.63,3998,4.3,"https://www.amazon.in/dp/B07XY7DDW1","17191.40",false,false,false,false,"DiSano Oats, High in Protein & Fibre, 1Kg","https://m.media-amazon.com/images/I/71igNMDifDS._AC_UL320_.jpg"
2,10,20,"B09C9HD36B",false,40,"INR",0,0,0,1,5,"https://www.amazon.in/dp/B09C9HD36B","5.00",false,false,false,true,"24 Mantra Organic Thin Poha","https://m.media-amazon.com/images/I/612DO-8hRVL._AC_UL320_.jpg"
3,1,21,"B077YDZ542",true,30,"INR",45,15,33.33,40428,4.4,"https://www.amazon.in/dp/B077YDZ542","177883.20",false,false,true,false,"Amazon Brand - Vedaka Cumin (Jeera) Seed, 100g","https://m.media-amazon.com/images/I/91BKeAyu-xL._AC_UL320_.jpg"
3,2,22,"B081QWFXKG",true,100,"INR",150,50,33.33,6266,4.4,"https://www.amazon.in/dp/B081QWFXKG","27570.40",false,false,false,false,"Amazon Brand - Vedaka Popular Chana Dal, 1 kg","https://m.media-amazon.com/images/I/81WSvcKeF0L._AC_UL320_.jpg"
3,3,23,"B08DDTR8ZT",true,74,"INR",78,4,5.13,4788,4.2,"https://www.amazon.in/dp/B08DDTR8ZT","20109.60",false,false,false,false,"Tide White Detergent Bar Soap, Value Pack 200 gms x 5","https://m.media-amazon.com/images/I/71OP7hHIlXL._AC_UL320_.jpg"
3,5,25,"B01H7BK4JQ",true,150,"INR",180,30,16.67,7570,4.3,"https://www.amazon.in/dp/B01H7BK4JQ","32551.00",false,false,false,false,"Dabur Anmol Gold 100% Pure Coconut Oil | Improves Skin Metabolism and Boosts Immunity - 600ml ( 500ml + 20% extra)","https://m.media-amazon.com/images/I/71ZwGdYAkxL._AC_UL320_.jpg"
3,6,26,"B088G75RPQ",true,22,"INR",45,23,51.11,2,5,"https://www.amazon.in/dp/B088G75RPQ","10.00",false,false,false,false,"Waffy Biscuits Orange","https://m.media-amazon.com/images/I/4178cn5fIRL._AC_UL320_.jpg"
3,7,27,"B08D86C44T",true,314,"INR",399,85,21.3,6214,4.6,"https://www.amazon.in/dp/B08D86C44T","28584.40",false,false,false,false,"Vim Dishwash Liquid Gel Lemon Refill Pouch, 2 L","https://m.media-amazon.com/images/I/61jXOdOo8IL._AC_UL320_.jpg"
3,9,29,"B073X1FYJH",true,119,"INR",120,1,0.83,1059,4.3,"https://www.amazon.in/dp/B073X1FYJH","4553.70",false,false,false,false,"Colgate Sensitive Clove Everyday Protection Toothpaste, For Sensitivity Relief, 160g, 80g X 2 (Saver Pack)","https://m.media-amazon.com/images/I/71gJ+qFhrVS._AC_UL320_.jpg"
3,10,30,"B09CWW9PJJ",true,63,"INR",85,22,25.88,2,5,"https://www.amazon.in/dp/B09CWW9PJJ","10.00",false,false,false,false,"Ching's Secret Dark Soy Sauce,750g","https://m.media-amazon.com/images/I/41aXvo7F8EL._AC_UL320_.jpg"
4,1,31,"B07TRN5RBP",true,45,"INR",65,20,30.77,10800,4.4,"https://www.amazon.in/dp/B07TRN5RBP","47520.00",false,false,false,false,"Dhampure White Crystal Sugar, 1kg","https://m.media-amazon.com/images/I/51M+Id66imL._AC_UL320_.jpg"
4,2,32,"B07L3Q4998",true,15,"INR",20,5,25,73,4.2,"https://www.amazon.in/dp/B07L3Q4998","306.60",false,false,false,false,"Too Yumm! Karare Munchy Masala, 80g","https://m.media-amazon.com/images/I/71LpqX5a54L._AC_UL320_.jpg"
4,3,33,"B079NF3YC6",true,100,"INR",175,75,42.86,4472,4.3,"https://www.amazon.in/dp/B079NF3YC6","19229.60",false,false,false,false,"Amazon Brand - Vedaka Premium Black Chana, 1 kg","https://m.media-amazon.com/images/I/815MqCZxTqL._AC_UL320_.jpg"
4,4,34,"B089MFSP39",true,399,"INR",460,61,13.26,2254,4.5,"https://www.amazon.in/dp/B089MFSP39","10143.00",false,false,false,false,"Surf Excel Easy Wash Detergent Powder, 4 kg","https://m.media-amazon.com/images/I/61rDJVoKpeL._AC_UL320_.jpg"
4,5,35,"B09CFG4FX4",true,272,"INR",340,68,20,1,5,"https://www.amazon.in/dp/B09CFG4FX4","5.00",false,false,false,true,"Nestle GOLD Crunchy, Corn & Oats Flakes | Made with Whole Grain | with Immuno-Nutrients - 850g Pack","https://m.media-amazon.com/images/I/819LAhm-8PL._AC_UL320_.jpg"
4,6,36,"B08BN1QZBY",true,58,"INR",65,7,10.77,3985,3.7,"https://www.amazon.in/dp/B08BN1QZBY","14744.50",false,false,false,false,"Dabur Hommade Sweet Tomato Chutney Pouch T, 200 Gm","https://m.media-amazon.com/images/I/81TtXIT6XQL._AC_UL320_.jpg"
4,7,37,"B07NFGMVRQ",true,50,"INR",60,10,16.67,3842,4.4,"https://www.amazon.in/dp/B07NFGMVRQ","16904.80",false,false,false,false,"Parle Hide and Seek Chocolate Chip Cookies, 200g","https://m.media-amazon.com/images/I/61v3SlFR2oS._AC_UL320_.jpg"
4,8,38,"B01H4UJLDU",true,400,"INR",496,96,19.35,31767,4.5,"https://www.amazon.in/dp/B01H4UJLDU","142951.50",false,false,false,false,"Surf Excel Easy Wash Detergent Powder, 4 kg","https://m.media-amazon.com/images/I/61rDJVoKpeL._AC_UL320_.jpg"
5,1,41,"B097BTC2WN",true,265,"INR",310,45,14.52,62,4,"https://www.amazon.in/dp/B097BTC2WN","248.00",false,false,false,true,"Nimyle Floor cleaner with Power of Neem and freshness of lemongrass 2L","https://m.media-amazon.com/images/I/612aLROy3WS._AC_UL320_.jpg"
5,2,42,"B07CFR4HS2",true,549,"INR",905,356,39.34,4979,4.4,"https://www.amazon.in/dp/B07CFR4HS2","21907.60",false,false,false,false,"INDIA GATE Super Premium Basmati Rice | Aged Rice with Long Grains & Rich Aroma | 5kg Pack","https://m.media-amazon.com/images/I/61bs3i9UIHL._AC_UL320_.jpg"
5,3,43,"B077PZBCQ4",false,193,"INR",0,0,0,626,4.2,"https://www.amazon.in/dp/B077PZBCQ4","2629.20",false,false,false,false,"Pillsbury Chakki Fresh Atta| Made from Finest Quality of Wheat Grains | 100% Atta| 0% Maida | Upto 6 Hours of Softness, 5Kg","https://m.media-amazon.com/images/I/71uWsdpv0ZL._AC_UL320_.jpg"
5,4,44,"B09CX1XX7K",true,48,"INR",60,12,20,2,3,"https://www.amazon.in/dp/B09CX1XX7K","6.00",false,false,false,false,"Ching's Secret Desi Chinese ka Combo Pack (Pack of 6), 120g","https://m.media-amazon.com/images/I/51PQWwGAdPL._AC_UL320_.jpg"
5,5,45,"B093LXC54H",true,328,"INR",368,40,10.87,35,4.5,"https://www.amazon.in/dp/B093LXC54H","157.50",false,false,false,true,"Harpic Disinfectant Toilet Cleaner, Original - 1 L + Harpic Bathroom Cleaner, Lemon - 1L","https://m.media-amazon.com/images/I/61n70TfkSfS._AC_UL320_.jpg"
5,7,47,"B08B56QPHK",true,438,"INR",525,87,16.57,7406,4.1,"https://www.amazon.in/dp/B08B56QPHK","30364.60",false,false,false,false,"Saffola Honey, 100% Pure NMR Tested Honey, 1.5kg (Super Saver Pack)","https://m.media-amazon.com/images/I/71DJ5GbqkIS._AC_UL320_.jpg"
5,10,50,"B01CJW0N30",true,68,"INR",70,2,2.86,2569,4.4,"https://www.amazon.in/dp/B01CJW0N30","11303.60",false,false,false,false,"Ujala Supreme - 250 ml","https://m.media-amazon.com/images/I/51+wHKAmsCS._AC_UL320_.jpg"
6,1,51,"B077QJVVYM",true,309,"INR",375,66,17.6,11321,4.3,"https://www.amazon.in/dp/B077QJVVYM","48680.30",false,false,false,false,"Fortune Chakki Fresh Atta, 10 kg, 100% Atta 0% Maida","https://m.media-amazon.com/images/I/516L7l3+ltL._AC_UL320_.jpg"
6,2,52,"B08R8FPQ2F",true,41,"INR",64,23,35.94,682,4.4,"https://www.amazon.in/dp/B08R8FPQ2F","3000.80",false,false,false,true,"Amazon Brand – Vedaka Amchoor (Dry Mango) Powder, 100g","https://m.media-amazon.com/images/I/91LcPdF-SJL._AC_UL320_.jpg"
6,4,54,"B01K4F4QG4",true,50,"INR",64,14,21.88,22401,4.4,"https://www.amazon.in/dp/B01K4F4QG4","98564.40",false,false,false,false,"Tata Sampann Besan, 500g","https://m.media-amazon.com/images/I/61hKfworv4L._AC_UL320_.jpg"
6,5,55,"B01CHVPHXE",true,134,"INR",158,24,15.19,2095,4.2,"https://www.amazon.in/dp/B01CHVPHXE","8799.00",false,false,false,false,"Tata Tea Kanan Devan Classic, 500gm","https://m.media-amazon.com/images/I/71heAazYuKL._AC_UL320_.jpg"
6,6,56,"B07NHPKSVX",true,158,"INR",170,12,7.06,3135,4.5,"https://www.amazon.in/dp/B07NHPKSVX","14107.50",false,false,false,false,"Surf Excel Easy Wash Detergent Liquid, 1L","https://m.media-amazon.com/images/I/513IFovA4sL._AC_UL320_.jpg"
6,8,58,"B071CVX6GD",false,0,"INR",0,0,0,4898,4.5,"https://www.amazon.in/dp/B071CVX6GD","22041.00",false,false,false,false,"Fortune Sunlite Refined Sunflower Oil, 1L","https://m.media-amazon.com/images/I/51TH5xE+2sL._AC_UL320_.jpg"
6,9,59,"B08JMB4KCR",true,240,"INR",300,60,20,922,4.3,"https://www.amazon.in/dp/B08JMB4KCR","3964.60",false,false,false,false,"Amazon Brand – Vedaka Popular Refined Sugar, 5kg","https://m.media-amazon.com/images/I/81QPmnqIZuL._AC_UL320_.jpg"
6,10,60,"B06ZYSCP9L",true,149,"INR",225,76,33.78,3950,4.4,"https://www.amazon.in/dp/B06ZYSCP9L","17380.00",false,false,false,false,"Gemini Refined Sunflower Oil Pouch, 1L","https://m.media-amazon.com/images/I/71-Y+qbbvsL._AC_UL320_.jpg"
7,1,61,"B071RBLZH8",false,255,"INR",0,0,0,1188,4.4,"https://www.amazon.in/dp/B071RBLZH8","5227.20",false,false,false,false,"Haldiram's Moong Dal, 1kg","https://m.media-amazon.com/images/I/71utSmSewOL._AC_UL320_.jpg"
7,2,62,"B086KP9S92",false,215,"INR",0,0,0,2514,4.5,"https://www.amazon.in/dp/B086KP9S92","11313.00",false,false,false,false,"Dettol Cool Germ Protection Bathing Soap bar, 125gm (Pack of 5)","https://m.media-amazon.com/images/I/61sphyu9vWS._AC_UL320_.jpg"
7,3,63,"B07HPX4JZ9",false,42,"INR",0,0,0,6361,4.3,"https://www.amazon.in/dp/B07HPX4JZ9","27352.30",false,false,false,false,"Haldiram's Navrattan, 200g+20g Free","https://m.media-amazon.com/images/I/719MK98CXtL._AC_UL320_.jpg"
7,4,64,"B0897XTSFH",false,470,"INR",0,0,0,5583,4.4,"https://www.amazon.in/dp/B0897XTSFH","24565.20",false,false,false,false,"Ariel Matic Liquid Detergent Front Load Refill Pouch, 2 Litre","https://m.media-amazon.com/images/I/71PNCdCZI2L._AC_UL320_.jpg"
7,5,65,"B00NBSEXWY",true,79,"INR",80,1,1.25,4551,4.5,"https://www.amazon.in/dp/B00NBSEXWY","20479.50",false,false,true,false,"Aashirvaad Atta with Multigrains, 1kg","https://m.media-amazon.com/images/I/91j3Eaf3BZL._AC_UL320_.jpg"
7,6,66,"B01CJULE94",false,60,"INR",0,0,0,2206,4.2,"https://www.amazon.in/dp/B01CJULE94","9265.20",false,false,false,false,"Colgate ZigZag Toothbrush - Medium (Buy 2 Get 1)","https://m.media-amazon.com/images/I/71Pc35Zb9qL._AC_UL320_.jpg"
7,7,67,"B08C3KG48D",false,40,"INR",0,0,0,2487,3.9,"https://www.amazon.in/dp/B08C3KG48D","9699.30",false,false,false,false,"Haldiram Rusk, 300g","https://m.media-amazon.com/images/I/41BuYxY3wgL._AC_UL320_.jpg"
7,8,68,"B0753K7HZY",true,210,"INR",300,90,30,2154,4.3,"https://www.amazon.in/dp/B0753K7HZY","9262.20",false,false,false,false,"Paper Boat Chikki Jar, Peanut Bar, No Added Preservatives and Colours (50 Pieces, 16g Each)","https://m.media-amazon.com/images/I/714I8tfpiaL._AC_UL320_.jpg"
7,9,69,"B0744LGRYJ",true,249,"INR",295,46,15.59,19023,4.5,"https://www.amazon.in/dp/B0744LGRYJ","85603.50",false,false,false,false,"Aashirvaad Select Premium Sharbati Atta, 5kg","https://m.media-amazon.com/images/I/81l7thl5AQL._AC_UL320_.jpg"
7,10,70,"B07JJ6NLK6",true,21,"INR",28,7,25,4446,4.5,"https://www.amazon.in/dp/B07JJ6NLK6","20007.00",false,false,false,false,"Tata Sampann Kasuri Methi, 25 gm","https://m.media-amazon.com/images/I/610V4-vD5DL._AC_UL320_.jpg"
1,11,71,"B01H5KRYC4",true,337,"INR",375,38,10.13,27076,4.4,"https://www.amazon.in/dp/B01H5KRYC4","119134.40",false,false,false,false,"Aashirvaad Shudh Chakki Atta, 10kg","https://m.media-amazon.com/images/I/91pDdDLHquL._AC_UL320_.jpg"
1,12,72,"B01H6QIOXK",false,86,"INR",0,0,0,61665,4.4,"https://www.amazon.in/dp/B01H6QIOXK","271326.00",false,false,false,false,"Maggi 2-Minute Instant Noodles - Masala, 560g","https://m.media-amazon.com/images/I/81tiRzUBKEL._AC_UL320_.jpg"
1,13,73,"B07NSDXYN1",true,209,"INR",276,67,24.28,1263,4.3,"https://www.amazon.in/dp/B07NSDXYN1","5430.90",false,false,false,false,"Amazon Brand - Presto! Dishwash Tub - 700 g (Pack of 4)","https://m.media-amazon.com/images/I/810f32wfCzS._AC_UL320_.jpg"
1,14,74,"B071GC8FKC",true,34,"INR",45,11,24.44,15120,4.3,"https://www.amazon.in/dp/B071GC8FKC","65016.00",false,false,true,false,"Parle Rusk, Elaichi, 300g","https://m.media-amazon.com/images/I/71oJ9cOxbUL._AC_UL320_.jpg"
1,15,75,"B07SZ7CLF3",true,1,"INR",26,25,96.15,162,4.4,"https://www.amazon.in/dp/B07SZ7CLF3","712.80",false,false,false,false,"Tata Sampann Fine Besan 200g","https://m.media-amazon.com/images/I/61j0zYyPbuS._AC_UL320_.jpg"
1,16,76,"B01H5LROLO",true,1066,"INR",1138,72,6.33,10814,4.5,"https://www.amazon.in/dp/B01H5LROLO","48663.00",false,false,false,false,"Saffola Gold Refined Cooking oil | Blended Rice Bran & Sunflower oil | Helps Keeps Heart Healthy | 5 Litre jar","https://m.media-amazon.com/images/I/614fk1YuoeL._AC_UL320_.jpg"
1,17,77,"B07GRC3F97",true,199,"INR",240,41,17.08,3929,4,"https://www.amazon.in/dp/B07GRC3F97","15716.00",false,false,false,false,"Vedaka Popular Cashews - Broken, 200g","https://m.media-amazon.com/images/I/919hBJl61NL._AC_UL320_.jpg"
1,18,78,"B07GR3KLMF",true,499,"INR",550,51,9.27,14596,4.3,"https://www.amazon.in/dp/B07GR3KLMF","62762.80",false,false,false,false,"Amazon Brand - Vedaka Popular Whole Almonds, 500g","https://m.media-amazon.com/images/I/91izJLBgdYL._AC_UL320_.jpg"
1,19,79,"B07DJFDMNY",true,164,"INR",195,31,15.9,1999,4.4,"https://www.amazon.in/dp/B07DJFDMNY","8795.60",false,false,false,false,"Saffola Masala Oats, Peppy Tomato, 500 g","https://m.media-amazon.com/images/I/71wAf-+AevL._AC_UL320_.jpg"
1,20,80,"B07DJFDMNZ",true,155,"INR",190,35,18.42,5306,4.4,"https://www.amazon.in/dp/B07DJFDMNZ","23346.40",false,false,false,false,"Saffola Masala Oats, Classic Masala, 500 g","https://m.media-amazon.com/images/I/71JMs56oStL._AC_UL320_.jpg"
1,21,81,"B01H4UKTCW",true,131,"INR",146,15,10.27,7956,4.2,"https://www.amazon.in/dp/B01H4UKTCW","33415.20",false,false,false,false,"Harpic Flushmatic In-Cistern Toilet Cleaner Blocks, Aquamarine - 100 g","https://m.media-amazon.com/images/I/61umX81KauL._AC_UL320_.jpg"
1,22,82,"B07GXVH185",true,270,"INR",302,32,10.6,14544,4.5,"https://www.amazon.in/dp/B07GXVH185","65448.00",false,false,false,false,"Cadbury Bournvita Health Drink, 750 gm Refill Pack","https://m.media-amazon.com/images/I/71en2Xly+8L._AC_UL320_.jpg"
1,24,84,"B07GR3L2JG",false,120,"INR",0,0,0,3929,4,"https://www.amazon.in/dp/B07GR3L2JG","15716.00",false,false,false,false,"Vedaka Popular Cashews - Broken, 100g","https://m.media-amazon.com/images/I/91MmlqqingL._AC_UL320_.jpg"
1,25,85,"B09FSYP9TD",true,19,"INR",40,21,52.5,169,4.2,"https://www.amazon.in/dp/B09FSYP9TD","709.80",false,false,false,false,"Fortune Chakki Fresh Atta 1Kg","https://m.media-amazon.com/images/I/91HtHosARIL._AC_UL320_.jpg"
1,26,86,"B07ZYZBVGK",true,223,"INR",315,92,29.21,22550,4.5,"https://www.amazon.in/dp/B07ZYZBVGK","101475.00",false,false,false,false,"Tata Tea Gold, 500g","https://m.media-amazon.com/images/I/51dE378i-zL._AC_UL320_.jpg"
1,27,87,"B01K4F4VXC",true,43,"INR",78,35,44.87,15956,4.3,"https://www.amazon.in/dp/B01K4F4VXC","68610.80",false,false,true,false,"Tata Sampann Garam Masala with Natural Oils, 100g","https://m.media-amazon.com/images/I/61hu+NoAZRL._AC_UL320_.jpg"
1,29,89,"B081QWXWPM",true,150,"INR",175,25,14.29,4404,4.3,"https://www.amazon.in/dp/B081QWXWPM","18937.20",false,false,false,false,"Amazon Brand - Vedaka Popular Moong Dal (Yellow), 1 kg","https://m.media-amazon.com/images/I/917K+FOPh2L._AC_UL320_.jpg"
1,30,90,"B085NXKHVG",true,223.82,"INR",500,276.18,55.24,1376,4,"https://www.amazon.in/dp/B085NXKHVG","5504.00",false,false,false,false,"Amazon Brand - Solimo dates 500g","https://m.media-amazon.com/images/I/91giO86c2xL._AC_UL320_.jpg"
1,32,92,"B01MZWIZOW",true,105,"INR",148,43,29.05,8155,4.4,"https://www.amazon.in/dp/B01MZWIZOW","35882.00",false,false,false,false,"Cinthol Lime Bath Soap 100g (Pack of 4) + 100g FREE","https://m.media-amazon.com/images/I/61enwi6WA8L._AC_UL320_.jpg"
1,33,93,"B08CPRYLK4",true,258,"INR",335,77,22.99,10505,4.5,"https://www.amazon.in/dp/B08CPRYLK4","47272.50",false,false,false,false,"Lizol Disinfectant Surface & Floor Cleaner Liquid Refill Pack, Citrus - 1800 ml | Kills 99.9% Germs","https://m.media-amazon.com/images/I/61-0kLu4QBL._AC_UL320_.jpg"
1,34,94,"B09C9HD36B",false,40,"INR",0,0,0,1,5,"https://www.amazon.in/dp/B09C9HD36B","5.00",false,false,false,true,"24 Mantra Organic Thin Poha","https://m.media-amazon.com/images/I/612DO-8hRVL._AC_UL320_.jpg"
1,35,95,"B01GCFFOO8",false,0,"INR",0,0,0,8452,4.4,"https://www.amazon.in/dp/B01GCFFOO8","37188.80",false,false,false,false,"Fortune Sunlite Refined Sunflower Oil, 5L Can","https://m.media-amazon.com/images/I/412TbDp8+mL._AC_UL320_.jpg"
1,36,96,"B081QX5BV2",true,127,"INR",150,23,15.33,7083,4.3,"https://www.amazon.in/dp/B081QX5BV2","30456.90",false,false,false,false,"Amazon Brand - Vedaka Popular Toor Dal, 1kg","https://m.media-amazon.com/images/I/81+9hsjSQxL._AC_UL320_.jpg"
1,37,97,"B07T1BVJ5R",true,29,"INR",42,13,30.95,20407,4.4,"https://www.amazon.in/dp/B07T1BVJ5R","89790.80",false,false,false,false,"Tata Sampann Thick Poha, 500g","https://m.media-amazon.com/images/I/61e5wNIyogS._AC_UL320_.jpg"
1,38,98,"B00FPMRMQI",true,174,"INR",193,19,9.84,12819,4.4,"https://www.amazon.in/dp/B00FPMRMQI","56403.60",false,false,true,false,"Dettol Liquid Disinfectant for Floor Cleaner, Surface Disinfection, Personal Hygiene (Lime Fresh, 500ml)","https://m.media-amazon.com/images/I/517WpNzGv5S._AC_UL320_.jpg"
1,39,99,"B08CSGNKGC",true,110,"INR",225,115,51.11,2131,4.1,"https://www.amazon.in/dp/B08CSGNKGC","8737.10",false,false,false,false,"Amazon Brand - Vedaka Jaggery Powder, 1kg Jar","https://m.media-amazon.com/images/I/81cgKFsOngL._AC_UL320_.jpg"
1,40,100,"B07RYV9T51",true,75,"INR",100,25,25,6375,4.2,"https://www.amazon.in/dp/B07RYV9T51","26775.00",false,false,false,false,"ScotchBrite Scrub Pad ( pack of 10)","https://m.media-amazon.com/images/I/91WtstCBHoL._AC_UL320_.jpg"
1,41,101,"B081QWLJBY",true,115,"INR",150,35,23.33,3224,4.3,"https://www.amazon.in/dp/B081QWLJBY","13863.20",false,false,false,false,"Amazon Brand - Vedaka Popular Red Masoor Dal Split, 1 kg","https://m.media-amazon.com/images/I/81v6eA8lmBL._AC_UL320_.jpg"
1,42,102,"B092MNWYPT",true,277,"INR",370,93,25.14,60,4.1,"https://www.amazon.in/dp/B092MNWYPT","246.00",false,false,false,false,"Bajaj Almond Drops Hair Oil 650 Ml","https://m.media-amazon.com/images/I/51SyDB8+HiS._AC_UL320_.jpg"
1,43,103,"B01H5L5CL8",false,84,"INR",0,0,0,2497,4.5,"https://www.amazon.in/dp/B01H5L5CL8","11236.50",false,false,false,false,"Everest Kasuri Methi, 100g","https://m.media-amazon.com/images/I/A1oEpGd30vL._AC_UL320_.jpg"
1,44,104,"B08GQQ6XKK",true,54,"INR",60,6,10,3068,4,"https://www.amazon.in/dp/B08GQQ6XKK","12272.00",false,false,false,false,"MAGGI Fried Rice Masala, Classic Veg, 75g Pouch (5 Sachets) | Restaurant Style","https://m.media-amazon.com/images/I/81VAY5VP1SL._AC_UL320_.jpg"
1,46,106,"B01CHVJ0IW",true,14,"INR",22,8,36.36,23003,4.4,"https://www.amazon.in/dp/B01CHVJ0IW","101213.20",false,true,false,false,"Aashirvaad Salt - Iodised, 1kg Bag","https://m.media-amazon.com/images/I/81NrftYFxsL._AC_UL320_.jpg"
1,47,107,"B079NQH74R",true,105,"INR",175,70,40,3946,4.3,"https://www.amazon.in/dp/B079NQH74R","16967.80",false,false,false,false,"Amazon Brand - Vedaka Premium Chana Dal, 1 kg","https://m.media-amazon.com/images/I/71zbvJKoPSL._AC_UL320_.jpg"
1,48,108,"B079NQH736",true,140,"INR",175,35,20,1847,4.3,"https://www.amazon.in/dp/B079NQH736","7942.10",false,false,false,false,"Amazon Brand - Vedaka Premium Black Urad Split / Chilka, 1 kg","https://m.media-amazon.com/images/I/81JFR2pRDjL._AC_UL320_.jpg"
2,11,109,"B01H5L0I26",true,297.5,"INR",360,62.5,17.36,1259,4.3,"https://www.amazon.in/dp/B01H5L0I26","5413.70",false,false,false,false,"Tata Tea Chakra Gold Premium Tea, 500g","https://m.media-amazon.com/images/I/61NSCoyvqXL._AC_UL320_.jpg"
2,13,111,"B071FNRFPB",true,61,"INR",68,7,10.29,6365,4.3,"https://www.amazon.in/dp/B071FNRFPB","27369.50",false,false,false,false,"Sunfeast YiPPee! Magic Masala long, slurpy noodles six in one Pack, 405g","https://m.media-amazon.com/images/I/71qiALnIZYL._AC_UL320_.jpg"
2,14,112,"B07GR181KT",false,220,"INR",0,0,0,14596,4.3,"https://www.amazon.in/dp/B07GR181KT","62762.80",false,false,false,false,"Vedaka Popular Whole Almonds, 200g","https://m.media-amazon.com/images/I/91E1QMP+9GL._AC_UL320_.jpg"
2,15,113,"B08B56X4MK",true,265,"INR",430,165,38.37,7406,4.1,"https://www.amazon.in/dp/B08B56X4MK","30364.60",false,false,false,false,"Saffola Honey, 100% Pure NMR Tested Honey, 1.2KG (1KG +200G)","https://m.media-amazon.com/images/I/61YXINGOkhS._AC_UL320_.jpg"
2,16,114,"B01H5L5CL8",false,84,"INR",0,0,0,2497,4.5,"https://www.amazon.in/dp/B01H5L5CL8","11236.50",false,false,false,false,"Everest Kasuri Methi, 100g","https://m.media-amazon.com/images/I/A1oEpGd30vL._AC_UL320_.jpg"
2,17,115,"B07JGV83TD",true,145,"INR",150,5,3.33,5955,4.2,"https://www.amazon.in/dp/B07JGV83TD","25011.00",false,false,false,false,"Sanifresh Ultrashine Toilet Cleaner -1.5X Extra Strong Extra Clean -500 ML( Buy 2 Get 1 free)","https://m.media-amazon.com/images/I/71vwas3qA9L._AC_UL320_.jpg"
2,19,117,"B01I17U9ZO",true,122.8,"INR",140,17.2,12.29,5500,4.6,"https://www.amazon.in/dp/B01I17U9ZO","25300.00",false,false,false,false,"Sunfeast Dark Fantasy Cookies - Choco Fills, 300g","https://m.media-amazon.com/images/I/81rt1QmhZIL._AC_UL320_.jpg"
2,20,118,"B07R8G65MJ",true,119,"INR",165,46,27.88,640,4.2,"https://www.amazon.in/dp/B07R8G65MJ","2688.00",false,false,false,false,"Amazon Brand - Solimo Glycerine Bathing Bar (Pack of 3), 3 x 125g","https://m.media-amazon.com/images/I/71CtQihn5QL._AC_UL320_.jpg"
2,21,119,"B00NWFYLUA",true,281,"INR",362,81,22.38,26695,4.5,"https://www.amazon.in/dp/B00NWFYLUA","120127.50",false,false,true,false,"Lizol Disinfectant Surface & Floor Cleaner Liquid, Jasmine - 2 L | Kills 99.9% Germs","https://m.media-amazon.com/images/I/61mQmzaV8fL._AC_UL320_.jpg"
2,22,120,"B07M6YJTG5",false,45,"INR",0,0,0,161,4.5,"https://www.amazon.in/dp/B07M6YJTG5","724.50",false,false,false,false,"Aashirvaad Nature's Super Foods Ragi Flour Pouch, 500 g","https://m.media-amazon.com/images/I/91SRaxFlqrL._AC_UL320_.jpg"
2,23,121,"B01GCF0XEY",false,270,"INR",0,0,0,9038,4.4,"https://www.amazon.in/dp/B01GCF0XEY","39767.20",false,false,false,false,"Madhur Pure Sugar, 5kg Bag","https://m.media-amazon.com/images/I/51iXOTulwrL._AC_UL320_.jpg"
2,24,122,"B07Z9L282G",false,190,"INR",0,0,0,432,4.2,"https://www.amazon.in/dp/B07Z9L282G","1814.40",false,false,false,false,"Nestle Koko Krunch Breakfast Cereal - Strawberry Flavour Burst, 250 g Pouch","https://m.media-amazon.com/images/I/71ILrqST1OL._AC_UL320_.jpg"
2,25,123,"B01N6N4X9O",true,108,"INR",165,57,34.55,10101,4.4,"https://www.amazon.in/dp/B01N6N4X9O","44444.40",false,false,false,false,"Catch Turmeric Powder, 500g","https://m.media-amazon.com/images/I/61CgyeiGHrL._AC_UL320_.jpg"
2,26,124,"B071FB2ZVT",true,222,"INR",261,39,14.94,9255,4.4,"https://www.amazon.in/dp/B071FB2ZVT","40722.00",false,false,false,false,"Parachute Coconut Oil - 600 ml (Bottle)","https://m.media-amazon.com/images/I/61dUCXFgN3L._AC_UL320_.jpg"
2,27,125,"B07ZKPZ5M9",true,350,"INR",770,420,54.55,7302,4.2,"https://www.amazon.in/dp/B07ZKPZ5M9","30668.40",false,false,false,true,"Amazon Brand - Presto! Disinfectant Surface/Floor Cleaner - 5 L (Floral), Pack of 1","https://m.media-amazon.com/images/I/817tVD0fJLL._AC_UL320_.jpg"
2,28,126,"B08F7PH1KT",true,242,"INR",450,208,46.22,1142,4.2,"https://www.amazon.in/dp/B08F7PH1KT","4796.40",false,false,false,false,"UpCrop Premium W320 Cashew Bag, 200 g","https://m.media-amazon.com/images/I/51x4HdhuYUL._AC_UL320_.jpg"
2,29,127,"B0846J4WL5",true,208,"INR",298,90,30.2,107,4,"https://www.amazon.in/dp/B0846J4WL5","428.00",false,false,false,false,"Amazon Brand - Solimo Home Air Freshener Spray, 300 ml - Rose Petal (Pack of 2)","https://m.media-amazon.com/images/I/61CQE4nfE0L._AC_UL320_.jpg"
2,30,128,"B07ZKP4R14",true,519,"INR",770,251,32.6,7540,4.4,"https://www.amazon.in/dp/B07ZKP4R14","33176.00",false,false,false,true,"Amazon Brand - Presto! Dishwash Gel - 5 L (Lemon)","https://m.media-amazon.com/images/I/717ZF6moV2L._AC_UL320_.jpg"
2,32,130,"B081QWXWPM",true,150,"INR",175,25,14.29,4404,4.3,"https://www.amazon.in/dp/B081QWXWPM","18937.20",false,false,false,false,"Amazon Brand - Vedaka Popular Moong Dal (Yellow), 1 kg","https://m.media-amazon.com/images/I/917K+FOPh2L._AC_UL320_.jpg"
2,35,133,"B01CJVVXRG",false,0,"INR",0,0,0,12124,4.4,"https://www.amazon.in/dp/B01CJVVXRG","53345.60",false,false,false,false,"Surf Excel Detergent Bar - 800 g (Pack of 4 x 200 g)","https://m.media-amazon.com/images/I/610JLBJW7eL._AC_UL320_.jpg"
2,37,135,"B07WW1289H",true,205,"INR",285,80,28.07,5345,4.5,"https://www.amazon.in/dp/B07WW1289H","24052.50",false,false,false,false,"Vaseline Intensive Care Deep Restore Body Lotion, Long Lasting Moisturisation For Healthy, Glowing Skin, 400 ml","https://m.media-amazon.com/images/I/51WWDSRmePL._AC_UL320_.jpg"
2,38,136,"B097TZ4KL7",true,71,"INR",85,14,16.47,3,3.5,"https://www.amazon.in/dp/B097TZ4KL7","10.50",false,false,false,false,"Nutralite Cheesy Garlic Mayo Eggless Mayonnaise - 275gm+5gm, Jar","https://m.media-amazon.com/images/I/51UzN0154+L._AC_UL320_.jpg"
2,40,138,"B079NSRBR9",true,75,"INR",90,15,16.67,4297,4.3,"https://www.amazon.in/dp/B079NSRBR9","18477.10",false,false,false,false,"Amazon Brand - Vedaka Popular Black Urad Split / Chilka, 500g","https://m.media-amazon.com/images/I/911NaEvPbvL._AC_UL320_.jpg"
2,41,139,"B07232PYHP",true,46,"INR",65,19,29.23,8175,4.4,"https://www.amazon.in/dp/B07232PYHP","35970.00",false,false,false,false,"Trust Classic Sulphur Less Sugar, 1kg","https://m.media-amazon.com/images/I/818ivssh6-L._AC_UL320_.jpg"
2,42,140,"B07ZYZBVGK",true,223,"INR",315,92,29.21,22550,4.5,"https://www.amazon.in/dp/B07ZYZBVGK","101475.00",false,false,false,false,"Tata Tea Gold, 500g","https://m.media-amazon.com/images/I/51dE378i-zL._AC_UL320_.jpg"
2,43,141,"B084GLXBF6",true,400,"INR",623,223,35.79,7624,4.2,"https://www.amazon.in/dp/B084GLXBF6","32020.80",false,false,false,false,"Happilo 100% Natural Premium Californian Almonds 500g, Value Pack","https://m.media-amazon.com/images/I/713D1eLsaqL._AC_UL320_.jpg"
2,45,143,"B07JHQBL7L",true,90,"INR",120,30,25,325,3.5,"https://www.amazon.in/dp/B07JHQBL7L","1137.50",false,false,false,false,"Amazon Brand - Vedaka Dubar Rice, 1 kg","https://m.media-amazon.com/images/I/91cE9+lm2iL._AC_UL320_.jpg"
2,46,144,"B07NHKCR4J",true,289,"INR",375,86,22.93,5350,4.2,"https://www.amazon.in/dp/B07NHKCR4J","22470.00",false,false,false,false,"Nature Fresh Sampoorna Chakki Atta, 10kg","https://m.media-amazon.com/images/I/71Ke1T0gzlL._AC_UL320_.jpg"
2,47,145,"B07KWB99MD",true,119,"INR",149,30,20.13,490,3.8,"https://www.amazon.in/dp/B07KWB99MD","1862.00",false,false,false,false,"Amazon Brand - Solimo Air Freshener Spray - Lavender Mist, 300ml","https://m.media-amazon.com/images/I/61+7V9b9dmL._AC_UL320_.jpg"
3,11,147,"B00DRDZ8S6",false,149,"INR",0,0,0,3559,4.5,"https://www.amazon.in/dp/B00DRDZ8S6","16015.50",false,false,false,false,"Dettol Liquid Handwash Refill Bottle - Skincare Moisturizing Hand Wash , 900 ml | Antibacterial Formula | 10x Better Germ ...","https://m.media-amazon.com/images/I/51XKkWKGlUS._AC_UL320_.jpg"
3,13,149,"B089614Q21",true,62,"INR",125,63,50.4,6359,4.1,"https://www.amazon.in/dp/B089614Q21","26071.90",false,false,false,false,"Unibic Cookies -Milk Cookies, 500g","https://m.media-amazon.com/images/I/617BR7E8ZGL._AC_UL320_.jpg"
3,14,150,"B08M1FJT2L",true,55,"INR",80,25,31.25,606,4.1,"https://www.amazon.in/dp/B08M1FJT2L","2484.60",false,false,false,false,"Amazon Brand - Vedaka Compounded Hing, 50g","https://m.media-amazon.com/images/I/61Jol6+mC8S._AC_UL320_.jpg"
3,15,151,"B01HBFXGO8",false,135,"INR",0,0,0,5481,4.5,"https://www.amazon.in/dp/B01HBFXGO8","24664.50",false,false,false,false,"Tata Sampann Masoor Dal Split, 1kg","https://m.media-amazon.com/images/I/71A9pD08VOL._AC_UL320_.jpg"
3,16,152,"B08CPF69HF",true,278,"INR",319,41,12.85,3652,4.5,"https://www.amazon.in/dp/B08CPF69HF","16434.00",false,false,false,false,"Lizol Disinfectant Surface & Floor Cleaner Liquid Refill Pack, Citrus - 1800 ml | Kills 99.9% Germs","https://m.media-amazon.com/images/I/61-0kLu4QBL._AC_UL320_.jpg"
3,17,153,"B0744LWY97",true,239,"INR",295,56,18.98,19023,4.5,"https://www.amazon.in/dp/B0744LWY97","85603.50",false,false,false,false,"Aashirvaad Select Premium Sharbati Atta, 5kg","https://m.media-amazon.com/images/I/81l7thl5AQL._AC_UL320_.jpg"
3,18,154,"B08NKYQK4B",true,176,"INR",220,44,20,355,4.2,"https://www.amazon.in/dp/B08NKYQK4B","1491.00",false,false,false,false,"Aashirvaad Instant Mix Gulab Jamun, 500g Pack, Easy to Make Soft & Delicious 35 Gulab Jamuns in Just 3 Steps","https://m.media-amazon.com/images/I/81WMe6uLBKL._AC_UL320_.jpg"
3,19,155,"B079NNMTW4",true,140,"INR",175,35,20,1932,4.3,"https://www.amazon.in/dp/B079NNMTW4","8307.60",false,false,false,false,"Amazon Brand - Vedaka Premium Green Moong Split / Chilka, 1 kg","https://m.media-amazon.com/images/I/81Nh0t8yRFL._AC_UL320_.jpg"
3,20,156,"B07TFJ255F",true,285,"INR",368,83,22.55,16778,4.4,"https://www.amazon.in/dp/B07TFJ255F","73823.20",false,false,false,false,"Shalimar Premium OXO - Biodegradable Garbage Bags (Large) Size 60 cm x 81 cm 4 Rolls (60 Bags) (Black Colour)","https://m.media-amazon.com/images/I/71POPTMcKEL._AC_UL320_.jpg"
3,22,158,"B071R3KG19",false,163,"INR",0,0,0,1694,4.3,"https://www.amazon.in/dp/B071R3KG19","7284.20",false,false,false,false,"Fortune Soyabean Oil, 1L Pouch","https://m.media-amazon.com/images/I/51GyUUKe-0L._AC_UL320_.jpg"
3,23,159,"B01CHUSSAO",true,66,"INR",70,4,5.71,10200,4.5,"https://www.amazon.in/dp/B01CHUSSAO","45900.00",false,false,false,false,"Parle G Original Glucose Biscuit, 800g","https://m.media-amazon.com/images/I/91eC2O5IN5L._AC_UL320_.jpg"
3,24,160,"B07ZKQ8HXS",true,399,"INR",770,371,48.18,7302,4.2,"https://www.amazon.in/dp/B07ZKQ8HXS","30668.40",false,false,false,false,"Amazon Brand - Presto! Disinfectant Surface/Floor Cleaner - 5 L (Citrus), Pack of 1","https://m.media-amazon.com/images/I/71VLmQUevAL._AC_UL320_.jpg"
3,25,161,"B08BXLY6VP",true,168,"INR",210,42,20,48,4.2,"https://www.amazon.in/dp/B08BXLY6VP","201.60",false,false,false,false,"Sofit SOYA Milk Vanilla, 200ml (Pack of 6)","https://m.media-amazon.com/images/I/51q0jnZB4pL._AC_UL320_.jpg"
3,26,162,"B09B2JYR4B",true,981,"INR",994,13,1.31,30,4.3,"https://www.amazon.in/dp/B09B2JYR4B","129.00",false,false,false,false,"Fortune Kachi Ghani Mustard Oil, 5L and Sugar 1 kg","https://m.media-amazon.com/images/I/81YVCmYhoZL._AC_UL320_.jpg"
3,27,163,"B00GM1WF22",true,26,"INR",30,4,13.33,2865,4.5,"https://www.amazon.in/dp/B00GM1WF22","12892.50",false,false,false,false,"Sunfeast Dark Fantasy Choco Fills, 75g","https://m.media-amazon.com/images/I/81wGaotfk+L._AC_UL320_.jpg"
3,28,164,"B07WFPLFPV",true,44,"INR",45,1,2.22,6115,4.5,"https://www.amazon.in/dp/B07WFPLFPV","27517.50",false,false,false,false,"Vim Dishwash Bar - 600 g (Super Saver Pack 3 x 200g)","https://m.media-amazon.com/images/I/612JAc-iJyL._AC_UL320_.jpg"
3,29,165,"B09BNYJL2N",true,110,"INR",147,37,25.17,1,5,"https://www.amazon.in/dp/B09BNYJL2N","5.00",false,false,false,false,"Quaker with Flavor Mix - 200 gm Pack of 3 | Nutritious Breakfast Cereals | Masala Oats | Ready to Cook","https://m.media-amazon.com/images/I/71MEMjvllxL._AC_UL320_.jpg"
3,31,167,"B091Q72L8Y",true,58,"INR",60,2,3.33,3,5,"https://www.amazon.in/dp/B091Q72L8Y","15.00",false,false,false,false,"Parry's Pure Refined Sugar, 1kg","https://m.media-amazon.com/images/I/514G+vVQnhS._AC_UL320_.jpg"
3,32,168,"B01CJVWIPC",false,180,"INR",0,0,0,5884,4.5,"https://www.amazon.in/dp/B01CJVWIPC","26478.00",false,false,false,false,"Surf Excel Quick Wash Detergent Powder 1 kg","https://m.media-amazon.com/images/I/61eDCs7NTEL._AC_UL320_.jpg"
3,33,169,"B01NBBS66K",true,84,"INR",125,41,32.8,3512,4.3,"https://www.amazon.in/dp/B01NBBS66K","15101.60",false,false,false,false,"Godrej No.1 Bathing Soap Kesar & Milk Cream, 150g (Pack of 4)","https://m.media-amazon.com/images/I/61RJQF9UIQL._AC_UL320_.jpg"
3,35,171,"B089W7YKP9",false,99,"INR",0,0,0,296,4.1,"https://www.amazon.in/dp/B089W7YKP9","1213.60",false,false,false,false,"SaaFoo Veggies & Fruits Wash, 500ml","https://m.media-amazon.com/images/I/71GxVgkWZ9L._AC_UL320_.jpg"
3,36,172,"B09CPQM1T2",true,92,"INR",130,38,29.23,11,4.8,"https://www.amazon.in/dp/B09CPQM1T2","52.80",false,false,false,false,"Trust Classic Sulphurless Sugar 2Kg","https://m.media-amazon.com/images/I/61jxXFwF3AS._AC_UL320_.jpg"
3,37,173,"B082347L6V",false,0,"INR",0,0,0,1130,4.3,"https://www.amazon.in/dp/B082347L6V","4859.00",false,false,false,false,"Amazon Brand - Presto! Oxo-Biodegradable Garbage Bags, Small - 30 bags/roll (Pack of 6)","https://m.media-amazon.com/images/I/71vxvDPBpPL._AC_UL320_.jpg"
3,39,175,"B06W2MZP4D",true,194,"INR",209,15,7.18,9370,4.5,"https://www.amazon.in/dp/B06W2MZP4D","42165.00",false,false,false,false,"Pears Soft & Fresh Bathing Bar Soap with 98% Pure Glycerine & Mint Extracts For Fresh Glow 125g (Pack of 4)","https://m.media-amazon.com/images/I/51EspAFAcQL._AC_UL320_.jpg"
3,40,176,"B078VGGKG8",true,102,"INR",105,3,2.86,13494,4.5,"https://www.amazon.in/dp/B078VGGKG8","60723.00",false,false,false,false,"Dettol Original Germ Protection Bathing Soap bar, 75gm (Pack of 4)","https://m.media-amazon.com/images/I/61gqlEKcIXS._AC_UL320_.jpg"
3,41,177,"B09CWSPG7M",true,49,"INR",60,11,18.33,5,4.8,"https://www.amazon.in/dp/B09CWSPG7M","24.00",false,false,false,true,"Smith & Jones Peri peri Masala (Pack of 6) 72g","https://m.media-amazon.com/images/I/41kD2amBgDL._AC_UL320_.jpg"
3,43,179,"B01N456392",true,84,"INR",159,75,47.17,9099,4.3,"https://www.amazon.in/dp/B01N456392","39125.70",false,false,false,false,"Godrej No.1 Bathing Soap - Sandal & Turmeric, 150g (Pack of 4)","https://m.media-amazon.com/images/I/710lOL-ocVL._AC_UL320_.jpg"
3,45,181,"B07XQN3V9Y",true,82,"INR",165,83,50.3,10065,4.2,"https://www.amazon.in/dp/B07XQN3V9Y","42273.00",false,false,false,false,"Unibic Fruit & Nut Cookies, 500 g","https://m.media-amazon.com/images/I/61A6iupmZqL._AC_UL320_.jpg"
3,46,182,"B07BGC61TC",true,112,"INR",140,28,20,615,4.5,"https://www.amazon.in/dp/B07BGC61TC","2767.50",false,false,false,false,"Tata Sampann Organic Moong Dal, 500g","https://m.media-amazon.com/images/I/612SQLGtjmL._AC_UL320_.jpg"
3,47,183,"B079NB81QL",false,85,"INR",0,0,0,4624,4.3,"https://www.amazon.in/dp/B079NB81QL","19883.20",false,false,false,false,"Amazon Brand - Vedaka Popular Green Moong Split / Chilka, 500g","https://m.media-amazon.com/images/I/91nH1bJtYTL._AC_UL320_.jpg"
3,48,184,"B07TRN5RBP",true,45,"INR",65,20,30.77,10800,4.4,"https://www.amazon.in/dp/B07TRN5RBP","47520.00",false,false,false,false,"Dhampure White Crystal Sugar, 1kg","https://m.media-amazon.com/images/I/51M+Id66imL._AC_UL320_.jpg"
4,11,185,"B08RTCFCKR",true,49,"INR",66,17,25.76,68,4,"https://www.amazon.in/dp/B08RTCFCKR","272.00",false,false,false,false,"Keya Tawa Pav Bhaji Masala | 100% Pure and Natural |Monocarton|100 Gm","https://m.media-amazon.com/images/I/61xjz6qaOQL._AC_UL320_.jpg"
4,12,186,"B07HTDRYCY",true,59,"INR",170,111,65.29,3712,4.2,"https://www.amazon.in/dp/B07HTDRYCY","15590.40",false,false,false,false,"Amazon Brand - Vedaka Thick Poha, 1kg","https://m.media-amazon.com/images/I/91FOlFkT2XL._AC_UL320_.jpg"
4,14,188,"B07H6NLQKB",true,240,"INR",300,60,20,2659,4.4,"https://www.amazon.in/dp/B07H6NLQKB","11699.60",false,false,false,false,"Santoor Sandalwood and Turmeric Bath Soap for Younger Looking and Glowing Skin, Combo Offer 125 g Pack of 8","https://m.media-amazon.com/images/I/71x6fCcQQPS._AC_UL320_.jpg"
4,15,189,"B07SD1J1BV",true,25,"INR",50,25,50,1779,4.1,"https://www.amazon.in/dp/B07SD1J1BV","7293.90",false,false,false,false,"Bingo! Mad Angle Very Peri Peri, 130g Pack, Corn-Based Spicy Crunchy Chips Perfect for Snacking","https://m.media-amazon.com/images/I/81mK1JX+2yL._AC_UL320_.jpg"
4,16,190,"B08CPRC2B3",true,278,"INR",335,57,17.01,1200,4.4,"https://www.amazon.in/dp/B08CPRC2B3","5280.00",false,false,false,false,"Lizol Disinfectant Surface & Floor Cleaner Liquid Refill Pack, Floral - 1800 ml | Kills 99.9% Germs","https://m.media-amazon.com/images/I/71-ueeGeb6L._AC_UL320_.jpg"
4,17,191,"B07VBG9VMG",true,25,"INR",50,25,50,1908,4.4,"https://www.amazon.in/dp/B07VBG9VMG","8395.20",false,false,false,false,"Bingo! Original Style Chilli Sprinkled, 100g","https://m.media-amazon.com/images/I/81tzFgAzZBL._AC_UL320_.jpg"
4,18,192,"B01MY7Z7EE",false,198,"INR",0,0,0,21823,4.4,"https://www.amazon.in/dp/B01MY7Z7EE","96021.20",false,false,false,false,"Fortune Premium Kachi Ghani Pure Mustard Oil, 1tr Pouch","https://m.media-amazon.com/images/I/51nKoWKmTWL._AC_UL320_.jpg"
4,19,193,"B08DLVTT4Z",true,42,"INR",50,8,16,107,4.3,"https://www.amazon.in/dp/B08DLVTT4Z","460.10",false,false,false,false,"Alpenliebe Juicy Fills, Orange & Mango Flavour, Assorted Candy Pouch, 152 g, 40 pc","https://m.media-amazon.com/images/I/61ukeVYDM0L._AC_UL320_.jpg"
4,20,194,"B01LZSWC6Y",true,30,"INR",50,20,40,7500,4,"https://www.amazon.in/dp/B01LZSWC6Y","30000.00",false,false,false,false,"Dukes Nibbles - SALTED Crackers, 150g","https://m.media-amazon.com/images/I/713kcXVbpyL._AC_UL320_.jpg"
4,21,195,"B07L6JBD5M",true,105,"INR",125,20,16,8388,4.4,"https://www.amazon.in/dp/B07L6JBD5M","36907.20",false,false,false,false,"Colgate Total Whole Mouth Health, Antibacterial Toothpaste, 185g (Advanced Health, Saver Pack )","https://m.media-amazon.com/images/I/61mcoqn27QL._AC_UL320_.jpg"
4,23,197,"B07KFMTGJS",true,79,"INR",105,26,24.76,1524,4.5,"https://www.amazon.in/dp/B07KFMTGJS","6858.00",false,false,false,false,"Sunfeast Dark Fantasy Choco Fills plus Coffee Fills Combo (Buy 3 Get 1 Free)","https://m.media-amazon.com/images/I/81PuapvOTyS._AC_UL320_.jpg"
4,24,198,"B088M9SX31",true,399,"INR",420,21,5,3423,4.4,"https://www.amazon.in/dp/B088M9SX31","15061.20",false,false,false,false,"Tide Ultra 3 in 1 Clean Detergent Washing Powder - 3 kg + 1 kg Free = 4 kg","https://m.media-amazon.com/images/I/81RRIgXLYLL._AC_UL320_.jpg"
4,26,200,"B079NQH736",true,140,"INR",175,35,20,1847,4.3,"https://www.amazon.in/dp/B079NQH736","7942.10",false,false,false,false,"Amazon Brand - Vedaka Premium Black Urad Split / Chilka, 1 kg","https://m.media-amazon.com/images/I/81JFR2pRDjL._AC_UL320_.jpg"
4,27,201,"B0744SVSGF",true,144,"INR",160,16,10,11914,4.5,"https://www.amazon.in/dp/B0744SVSGF","53613.00",false,false,false,false,"Pears Moisturising Bathing Bar Soap with Glycerine Pure & Gentle For Golden Glow (125g x 3)","https://m.media-amazon.com/images/I/519h3KwY5oL._AC_UL320_.jpg"
4,28,202,"B09BFKYGWD",true,72,"INR",80,8,10,4,3.8,"https://www.amazon.in/dp/B09BFKYGWD","15.20",false,false,false,false,"Minute Maid Gritty Guava Juice 1 L","https://m.media-amazon.com/images/I/71b3Y1LwHXL._AC_UL320_.jpg"
4,31,205,"B07H37JG4G",true,130,"INR",175,45,25.71,645,4.3,"https://www.amazon.in/dp/B07H37JG4G","2773.50",false,false,false,false,"Amazon Brand - Vedaka Premium Red Lobia, 1kg","https://m.media-amazon.com/images/I/91++VbZcBHL._AC_UL320_.jpg"
4,33,207,"B01GCETDWI",true,359,"INR",500,141,28.2,16510,4.4,"https://www.amazon.in/dp/B01GCETDWI","72644.00",false,false,true,false,"Tata Tea Premium, 1kg","https://m.media-amazon.com/images/I/61F0-QIYtlL._AC_UL320_.jpg"
4,34,208,"B01GRH8VLY",true,594,"INR",640,46,7.19,1712,4.4,"https://www.amazon.in/dp/B01GRH8VLY","7532.80",false,false,false,true,"Aashirvaad Svasti Pure Cow Ghee, Pet Pack 1L, Desi Ghee with Rich Aroma","https://m.media-amazon.com/images/I/81Qwp+5GOOS._AC_UL320_.jpg"
4,35,209,"B079NQRHTK",true,120,"INR",175,55,31.43,2099,4.3,"https://www.amazon.in/dp/B079NQRHTK","9025.70",false,false,false,false,"Amazon Brand - Vedaka Premium Red Masoor Dal Split, 1 kg","https://m.media-amazon.com/images/I/81d+pZSom2L._AC_UL320_.jpg"
4,36,210,"B08QG193TL",true,329,"INR",560,231,41.25,24,3.4,"https://www.amazon.in/dp/B08QG193TL","81.60",false,false,false,true,"Spark Clean Disinfectant Toilet Cleaner - 1 L (Pack of 4)","https://m.media-amazon.com/images/I/71kxvGuqNwS._AC_UL320_.jpg"
4,38,212,"B07H6QK3CZ",true,222,"INR",288,66,22.92,2973,4.5,"https://www.amazon.in/dp/B07H6QK3CZ","13378.50",false,false,false,false,"Chandrika Ayurvedic Handmade Soap, 125g (Pack of 6)","https://m.media-amazon.com/images/I/71MRKqk1WIL._AC_UL320_.jpg"
4,40,214,"B07D3CXH7H",false,529,"INR",0,0,0,7217,4.4,"https://www.amazon.in/dp/B07D3CXH7H","31754.80",false,false,false,true,"Aashirvaad Svasti Ghee, 1L, Desi Ghee With Rich Aroma","https://m.media-amazon.com/images/I/71B5qacE2hS._AC_UL320_.jpg"
4,41,215,"B07DGMB44D",true,607,"INR",770,163,21.17,35208,4.5,"https://www.amazon.in/dp/B07DGMB44D","158436.00",false,false,false,false,"Lizol Disinfectant Surface Cleaner, Citrus - 5 L","https://m.media-amazon.com/images/I/612I+j9JdFL._AC_UL320_.jpg"
4,42,216,"B08F7PNYTN",true,233,"INR",300,67,22.33,1,5,"https://www.amazon.in/dp/B08F7PNYTN","5.00",false,false,false,true,"UpCrop Premium Makhana (Foxnut) 200gm","https://m.media-amazon.com/images/I/61naw31e2TS._AC_UL320_.jpg"
4,43,217,"B07ZGWKVMB",true,43,"INR",90,47,52.22,2525,4.3,"https://www.amazon.in/dp/B07ZGWKVMB","10857.50",false,false,false,false,"Amazon Brand - Vedaka Coriander (Dhania) Powder, 200g","https://m.media-amazon.com/images/I/91WuuJktuWL._AC_UL320_.jpg"
4,44,218,"B0877FKXHV",false,139,"INR",0,0,0,1486,4.2,"https://www.amazon.in/dp/B0877FKXHV","6241.20",false,false,false,false,"Veggie Clean, Fruits and Vegetables Washing Liquid, Removes Germs, Chemicals, Waxes, No Soap, 100% Naturally Derived Clean...","https://m.media-amazon.com/images/I/61hOj7m5N2L._AC_UL320_.jpg"
4,46,220,"B08GLF385Z",true,299,"INR",500,201,40.2,419,4.3,"https://www.amazon.in/dp/B08GLF385Z","1801.70",false,false,false,false,"Amazon Brand - Vedaka Saffron 1g","https://m.media-amazon.com/images/I/81coY3Ld1lL._AC_UL320_.jpg"
5,11,223,"B07G5Y1CXP",true,89,"INR",155,66,42.58,10288,4.3,"https://www.amazon.in/dp/B07G5Y1CXP","44238.40",false,false,false,false,"Amazon Brand - Presto! Dish Wash Gel - 750 ml (Lemon)","https://m.media-amazon.com/images/I/71vupenfRvL._AC_UL320_.jpg"
5,13,225,"B078BNJ747",true,204,"INR",245,41,16.73,639,4.4,"https://www.amazon.in/dp/B078BNJ747","2811.60",false,false,false,false,"Pillsbury Chakki Fresh Atta| Made from Finest Quality of Wheat Grains | 100% Atta| 0% Maida | Upto 6 Hours of Softness, 5Kg","https://m.media-amazon.com/images/I/71uWsdpv0ZL._AC_UL320_.jpg"
5,14,226,"B071NZBXN9",true,17,"INR",25,8,32,1549,4.4,"https://www.amazon.in/dp/B071NZBXN9","6815.60",false,false,false,false,"Trust Classic Mishri, 200g","https://m.media-amazon.com/images/I/81vctFTvQOL._AC_UL320_.jpg"
5,15,227,"B0968C1WK6",false,185,"INR",0,0,0,2,4.5,"https://www.amazon.in/dp/B0968C1WK6","9.00",false,false,false,false,"Radhuni Palm Oil 1l","https://m.media-amazon.com/images/I/61QQLl2Xv0S._AC_UL320_.jpg"
5,16,228,"B01LW4ZE1X",false,165,"INR",0,0,0,4118,4.3,"https://www.amazon.in/dp/B01LW4ZE1X","17707.40",false,false,false,false,"Nature Fresh Soyabean Oil Pouch, 1L","https://m.media-amazon.com/images/I/81QrG08A71L._AC_UL320_.jpg"
5,17,229,"B08F5WBWMW",true,84,"INR",110,26,23.64,142,4.1,"https://www.amazon.in/dp/B08F5WBWMW","582.20",false,false,false,false,"Natural Tattva Rock Salt 1kg","https://m.media-amazon.com/images/I/71o3W0L7F2L._AC_UL320_.jpg"
5,18,230,"B01MU5AUL1",true,94,"INR",120,26,21.67,228,4.5,"https://www.amazon.in/dp/B01MU5AUL1","1026.00",false,false,false,false,"Britannia Good Day Cashew Cookies, 5 x 120g","https://m.media-amazon.com/images/I/61UUTtZ+VpL._AC_UL320_.jpg"
5,19,231,"B00MOFO4FG",false,80,"INR",0,0,0,6158,4.6,"https://www.amazon.in/dp/B00MOFO4FG","28326.80",false,false,true,false,"Aashirvaad Select Premium Sharbati Atta, 1kg","https://m.media-amazon.com/images/I/813vskmZtnL._AC_UL320_.jpg"
5,20,232,"B077BCY5ZF",false,185,"INR",0,0,0,19682,4.5,"https://www.amazon.in/dp/B077BCY5ZF","88569.00",false,false,false,false,"Dabur Chyawanprash - 2 X Immunity - 550 gm (Get 50 gm Extra )","https://m.media-amazon.com/images/I/71oPudCSyBL._AC_UL320_.jpg"
5,21,233,"B094YWRLFC",true,178.5,"INR",195,16.5,8.46,1,5,"https://www.amazon.in/dp/B094YWRLFC","5.00",false,false,false,false,"Tata Tea Chakra Gold Care, 250g","https://m.media-amazon.com/images/I/61lFRgm7jAS._AC_UL320_.jpg"
5,22,234,"B08QJSYN5T",true,455,"INR",540,85,15.74,78,4,"https://www.amazon.in/dp/B08QJSYN5T","312.00",false,false,false,false,"Amazon Brand - Vedaka Cow Ghee, 1L Pouch","https://m.media-amazon.com/images/I/71dKUrhaRnL._AC_UL320_.jpg"
5,23,235,"B07M8HQL78",true,433.45,"INR",500,66.55,13.31,1915,4,"https://www.amazon.in/dp/B07M8HQL78","7660.00",false,false,false,false,"Amazon Brand - Vedaka Premium Inshell Walnuts, 500g","https://m.media-amazon.com/images/I/91PH7OnpI3L._AC_UL320_.jpg"
5,24,236,"B07F8BHP2C",true,681.31,"INR",1800,1118.69,62.15,860,4.3,"https://www.amazon.in/dp/B07F8BHP2C","3698.00",false,false,false,false,"Amazon Brand - Solimo Extra Virgin Olive Oil, 1L","https://m.media-amazon.com/images/I/71BmE5kRTwL._AC_UL320_.jpg"
5,26,238,"B07MC6ZST4",true,161,"INR",207,46,22.22,2646,4.2,"https://www.amazon.in/dp/B07MC6ZST4","11113.20",false,false,false,false,"Priya Refined Sunflower Oil Pouch, 1L","https://m.media-amazon.com/images/I/715gzIcmc7L._AC_UL320_.jpg"
5,27,239,"B071LGVNJ2",false,52,"INR",0,0,0,17052,4.4,"https://www.amazon.in/dp/B071LGVNJ2","75028.80",false,false,false,false,"Vim Dishwash Anti Smell Bar Pudina 200 g (Pack of 3)","https://m.media-amazon.com/images/I/61jypDcJuBL._AC_UL320_.jpg"
5,28,240,"B0989S1TYL",true,99,"INR",132,33,25,157,4.2,"https://www.amazon.in/dp/B0989S1TYL","659.40",false,false,false,true,"Top ramen Masala Noodles Pouch, 840 g","https://m.media-amazon.com/images/I/71ru9aRw31S._AC_UL320_.jpg"
5,29,241,"B01H4UN2QM",true,169,"INR",179,10,5.59,8912,4.5,"https://www.amazon.in/dp/B01H4UN2QM","40104.00",false,false,false,false,"Lizol Disinfectant Cleaner Floral 975ml","https://m.media-amazon.com/images/I/51aV+f1ZmuL._AC_UL320_.jpg"
5,30,242,"B06XMXF9J5",false,40,"INR",0,0,0,3627,4.1,"https://www.amazon.in/dp/B06XMXF9J5","14870.70",false,false,false,false,"Act II Cheese Bakes Combo, 55g (Buy 1 Get 1 Free)","https://m.media-amazon.com/images/I/71hStSkjhOL._AC_UL320_.jpg"
5,31,243,"B07RFMVXW2",true,567,"INR",1060,493,46.51,7620,4.4,"https://www.amazon.in/dp/B07RFMVXW2","33528.00",false,false,false,false,"Ariel Complete Detergent Washing Powder - 4Kg Value Pack","https://m.media-amazon.com/images/I/71Hgb2XtbrL._AC_UL320_.jpg"
5,33,245,"B00NBSEXWY",true,79,"INR",80,1,1.25,4551,4.5,"https://www.amazon.in/dp/B00NBSEXWY","20479.50",false,false,true,false,"Aashirvaad Atta with Multigrains, 1kg","https://m.media-amazon.com/images/I/91j3Eaf3BZL._AC_UL320_.jpg"
5,34,246,"B08QGS3SL1",false,58,"INR",0,0,0,1932,4.2,"https://www.amazon.in/dp/B08QGS3SL1","8114.40",false,false,false,false,"MAGGI 2-Minute Special Masala Instant Noodles, 280g(Pack of 4)","https://m.media-amazon.com/images/I/81dyU4tCFdS._AC_UL320_.jpg"
5,35,247,"B00BBXTISA",true,27,"INR",30,3,10,621,4.5,"https://www.amazon.in/dp/B00BBXTISA","2794.50",false,false,false,false,"Sunfeast Dark Fantasy Coffee Fills, 75 g","https://m.media-amazon.com/images/I/81vH1IraQJL._AC_UL320_.jpg"
5,36,248,"B07G8PYS42",true,225,"INR",275,50,18.18,710,4.4,"https://www.amazon.in/dp/B07G8PYS42","3124.00",false,false,false,false,"Pillsbury Chakki Fresh Atta| Made from Finest Quality of Wheat Grains | 100% Atta| 0% Maida | Upto 6 Hours of Softness, 5Kg","https://m.media-amazon.com/images/I/71uWsdpv0ZL._AC_UL320_.jpg"
5,37,249,"B08F7VNQ1Z",true,329,"INR",600,271,45.17,1112,4.1,"https://www.amazon.in/dp/B08F7VNQ1Z","4559.20",false,false,false,false,"UpCrop California Extra-Light Halves Walnut Kernels 200gm","https://m.media-amazon.com/images/I/61aGqcQxHMS._AC_UL320_.jpg"
5,38,250,"B07W7TN6H7",true,245,"INR",255,10,3.92,2,5,"https://www.amazon.in/dp/B07W7TN6H7","10.00",false,false,false,false,"Mother Dairy Buffalo Ghee, 500ml","https://m.media-amazon.com/images/I/71uK+UYP7yL._AC_UL320_.jpg"
5,39,251,"B01MQNBOLA",true,130,"INR",152,22,14.47,3101,4.4,"https://www.amazon.in/dp/B01MQNBOLA","13644.40",false,false,false,false,"Cinthol Bath Cool Soap, 100g (Pack of 5) (Buy 4 get 1 free)","https://m.media-amazon.com/images/I/61WXUIJRoCL._AC_UL320_.jpg"
5,40,252,"B09CTJP19W",true,211,"INR",263,52,19.77,4,4.7,"https://www.amazon.in/dp/B09CTJP19W","18.80",false,false,false,false,"Tata Sampann Unpolished Kabuli Chana, 1kg + Tata Sampann Garam Masala with Natural Oils, 100g","https://m.media-amazon.com/images/I/7133HpDdqCL._AC_UL320_.jpg"
5,41,253,"B084GLTVCB",true,519,"INR",775,256,33.03,2310,4.3,"https://www.amazon.in/dp/B084GLTVCB","9933.00",false,false,false,false,"Happilo 100% Natural Premium Whole Cashews 500g, Value Pack","https://m.media-amazon.com/images/I/71P2iOAIi9L._AC_UL320_.jpg"
5,44,256,"B01GCE6N08",false,0,"INR",0,0,0,5977,4.4,"https://www.amazon.in/dp/B01GCE6N08","26298.80",false,false,true,false,"Fortune Soya Chunks, 15x more protein than milk, 200g","https://m.media-amazon.com/images/I/81QjxW2Y3FL._AC_UL320_.jpg"
5,45,257,"B01CHUZ73U",true,269,"INR",325,56,17.23,20458,4.4,"https://www.amazon.in/dp/B01CHUZ73U","90015.20",false,false,false,false,"Aashirvaad Atta with Multigrains, 5kg","https://m.media-amazon.com/images/I/91DkpTfCKOL._AC_UL320_.jpg"
5,46,258,"B08JW5RDGC",true,179,"INR",230,51,22.17,724,4.3,"https://www.amazon.in/dp/B08JW5RDGC","3113.20",false,false,false,false,"Godrej Ezee 2-in-1 Liquid Detergent + Fabric Conditioner (Fabric Softener) - 1kg, For Regular Clothes","https://m.media-amazon.com/images/I/71ikMdZJ94L._AC_UL320_.jpg"
5,47,259,"B08Y6H656V",true,128,"INR",225,97,43.11,17,4.4,"https://www.amazon.in/dp/B08Y6H656V","74.80",false,false,false,false,"VAHDAM - Organic Green Tea Sampler Trial Pack | 15 Assorted Green Tea Bags | USDA Certified Organic Green Tea","https://m.media-amazon.com/images/I/813uxsjS2RL._AC_UL320_.jpg"
5,48,260,"B07VHDNBJG",true,161,"INR",208,47,22.6,5257,4.4,"https://www.amazon.in/dp/B07VHDNBJG","23130.80",false,false,false,false,"Fortune Chakki Fresh Atta, 5kg, 100% Atta 0% Maida","https://m.media-amazon.com/images/I/51C8aiAuiIL._AC_UL320_.jpg"
6,11,261,"B078VFLVB4",true,455,"INR",550,95,17.27,8463,4.2,"https://www.amazon.in/dp/B078VFLVB4","35544.60",false,false,false,false,"Mother Dairy Cow Ghee, 1L","https://m.media-amazon.com/images/I/81WRc8UgycL._AC_UL320_.jpg"
6,12,262,"B074WCQGV9",true,350,"INR",400,50,12.5,10983,4.5,"https://www.amazon.in/dp/B074WCQGV9","49423.50",false,false,false,false,"Comfort After Wash Fabric Conditioner, super saver pack Morning fresh variant for all day freshness and lasting fragrance,...","https://m.media-amazon.com/images/I/51WSwFg9F1L._AC_UL320_.jpg"
6,14,264,"B07HLZDR9S",true,560,"INR",740,180,24.32,9856,4.4,"https://www.amazon.in/dp/B07HLZDR9S","43366.40",false,false,false,false,"Dove Hair Fall Rescue Shampoo For Weak Hair, 1 Ltr","https://m.media-amazon.com/images/I/41fPnRl0WZL._AC_UL320_.jpg"
6,16,266,"B08TB4TN6T",true,60,"INR",75,15,20,132,4.1,"https://www.amazon.in/dp/B08TB4TN6T","541.20",false,false,false,false,"Center Fresh Mint, Chewy Mints, Spearmint Flavour Candy Pouch, 60 g","https://m.media-amazon.com/images/I/61bzhWtSfjL._AC_UL320_.jpg"
6,17,267,"B07BMRBZXL",true,252,"INR",270,18,6.67,6347,4.6,"https://www.amazon.in/dp/B07BMRBZXL","29196.20",false,false,false,false,"Madhur Pure Sugar Bag, 5kg","https://m.media-amazon.com/images/I/6128GKCJ9IL._AC_UL320_.jpg"
6,18,268,"B08ZVMBC7Q",false,60,"INR",0,0,0,2,4.5,"https://www.amazon.in/dp/B08ZVMBC7Q","9.00",false,false,false,false,"Mcvities Hobnob Gold Biscuit, 200g","https://m.media-amazon.com/images/I/61cv1-WbxhS._AC_UL320_.jpg"
6,19,269,"B07WQ4L7KM",false,399,"INR",0,0,0,3429,4.3,"https://www.amazon.in/dp/B07WQ4L7KM","14744.70",false,false,false,false,"Softouch 2X French Perfume Fabric Conditioner by Wipro, 1.6L","https://m.media-amazon.com/images/I/71B3sFrP9TS._AC_UL320_.jpg"
6,21,271,"B01N06981U",true,355,"INR",365,10,2.74,597,4.4,"https://www.amazon.in/dp/B01N06981U","2626.80",false,false,false,false,"Aashirvaad Sugar Release Control Atta, 5kg","https://m.media-amazon.com/images/I/81kcZpNNKNS._AC_UL320_.jpg"
6,23,273,"B08K95SLZ3",false,370,"INR",0,0,0,321,4.7,"https://www.amazon.in/dp/B08K95SLZ3","1508.70",false,false,false,false,"Vim Dishwash Gel - 1.8 L (Lemon)","https://m.media-amazon.com/images/I/51gFR497YvL._AC_UL320_.jpg"
6,24,274,"B01MTNDNMI",false,46,"INR",0,0,0,4442,4.4,"https://www.amazon.in/dp/B01MTNDNMI","19544.80",false,false,false,false,"Haldiram's Salted Peanut, 200g","https://m.media-amazon.com/images/I/81SvmNk7zRL._AC_UL320_.jpg"
6,25,275,"B08X7WTBYP",false,24,"INR",0,0,0,1,3,"https://www.amazon.in/dp/B08X7WTBYP","3.00",false,false,false,false,"Catch Ginger Paste 100 g , Pouch","https://m.media-amazon.com/images/I/61X9wE0sm+S._AC_UL320_.jpg"
6,26,276,"B074WXM1C8",true,202,"INR",245,43,17.55,6791,4.4,"https://www.amazon.in/dp/B074WXM1C8","29880.40",false,false,false,false,"Dhara Kachi Ghani Mustard Oil, 1L Bottle","https://m.media-amazon.com/images/I/71RjEXRui8L._AC_UL320_.jpg"
6,27,277,"B08HSVNGMT",true,885,"INR",1300,415,31.92,8054,4.1,"https://www.amazon.in/dp/B08HSVNGMT","33021.40",false,false,false,true,"Upcrop Premium California Almonds 1kg,Raw","https://m.media-amazon.com/images/I/61sHJM9jnDL._AC_UL320_.jpg"
6,28,278,"B00NWFXGDS",true,334,"INR",362,28,7.73,26695,4.5,"https://www.amazon.in/dp/B00NWFXGDS","120127.50",false,false,true,false,"Lizol Disinfectant Surface & Floor Cleaner Liquid, Pine - 2 L | Kills 99.9% Germs","https://m.media-amazon.com/images/I/61tyQfIUK+L._AC_UL320_.jpg"
6,29,279,"B01CHVPZJK",true,268,"INR",400,132,33,2007,4.4,"https://www.amazon.in/dp/B01CHVPZJK","8830.80",false,false,false,false,"Tetley Long Leaf Green Tea, 500g","https://m.media-amazon.com/images/I/81TNZhajJ3L._AC_UL320_.jpg"
6,30,280,"B09BFHV39H",true,55,"INR",80,25,31.25,6,3.6,"https://www.amazon.in/dp/B09BFHV39H","21.60",false,false,false,false,"Minute Maid Mix Fruit Juice","https://m.media-amazon.com/images/I/710ooCddnGL._AC_UL320_.jpg"
6,31,281,"B086KP9S92",false,215,"INR",0,0,0,2514,4.5,"https://www.amazon.in/dp/B086KP9S92","11313.00",false,false,false,false,"Dettol Cool Germ Protection Bathing Soap bar, 125gm (Pack of 5)","https://m.media-amazon.com/images/I/61sphyu9vWS._AC_UL320_.jpg"
6,32,282,"B01NBBAW4H",true,112,"INR",169,57,33.73,6471,4.4,"https://www.amazon.in/dp/B01NBBAW4H","28472.40",false,false,false,false,"McVitie's Digestive High Fibre biscuits with Goodness of Wholewheat, 1Kg Super Saver Family Pack","https://m.media-amazon.com/images/I/619ZMjR1+XS._AC_UL320_.jpg"
6,33,283,"B01CHV2G2Y",true,45,"INR",67,22,32.84,10101,4.4,"https://www.amazon.in/dp/B01CHV2G2Y","44444.40",false,false,false,false,"Catch Turmeric Powder, 200g","https://m.media-amazon.com/images/I/61gRcZHQp8L._AC_UL320_.jpg"
6,34,284,"B089MGCFR5",false,94,"INR",0,0,0,984,4.5,"https://www.amazon.in/dp/B089MGCFR5","4428.00",false,false,false,false,"Surf Excel Detergent Bar - 800 g (Pack of 4 x 200 g)","https://m.media-amazon.com/images/I/61cZ0aMkozL._AC_UL320_.jpg"
6,36,286,"B07MF9CX2H",true,171,"INR",190,19,10,476,3.9,"https://www.amazon.in/dp/B07MF9CX2H","1856.40",false,false,false,false,"Aashirvaad Nature's Super Foods Gluten Free Flour Pouch, 1 kg","https://m.media-amazon.com/images/I/819vYkT-VHL._AC_UL320_.jpg"
6,37,287,"B08KFQ8FHM",false,115,"INR",0,0,0,18,4.6,"https://www.amazon.in/dp/B08KFQ8FHM","82.80",false,false,false,false,"Red Bull Energy Drink, 250 ml","https://m.media-amazon.com/images/I/51Bp30CR3IL._AC_UL320_.jpg"
6,39,289,"B07X3P6FM8",true,490,"INR",590,100,16.95,8174,4.5,"https://www.amazon.in/dp/B07X3P6FM8","36783.00",false,false,false,false,"Red Label Natural Care Tea, Made with 5 Ayurvedic Herbs, 1 Kg","https://m.media-amazon.com/images/I/613yBwq7wiL._AC_UL320_.jpg"
6,40,290,"B01H7BPDFQ",true,172,"INR",230,58,25.22,2726,4.2,"https://www.amazon.in/dp/B01H7BPDFQ","11449.20",false,false,false,false,"Himalaya Anti Hair Fall Shampoo, 400ml","https://m.media-amazon.com/images/I/51Xipiv8aAL._AC_UL320_.jpg"
6,42,292,"B01MS8C31P",true,140,"INR",150,10,6.67,3000,4.3,"https://www.amazon.in/dp/B01MS8C31P","12900.00",false,false,false,false,"Santoor Sandalwood and Almond milk Organic Soft Bath Soap for Softer, Smoother and Moisturised Skin, Combo Offer 125 g Buy...","https://m.media-amazon.com/images/I/71tPHg1AmeS._AC_UL320_.jpg"
6,44,294,"B08C3KG48D",false,40,"INR",0,0,0,2487,3.9,"https://www.amazon.in/dp/B08C3KG48D","9699.30",false,false,false,false,"Haldiram Rusk, 300g","https://m.media-amazon.com/images/I/41BuYxY3wgL._AC_UL320_.jpg"
6,45,295,"B09CTLPB81",true,409,"INR",529,120,22.68,5,4.6,"https://www.amazon.in/dp/B09CTLPB81","23.00",false,false,false,false,"Tata Sampann Chilli Powder with Natural Oils, 500g + Coriander Powder with natural Oils, 500g + Turmeric Powder with Natur...","https://m.media-amazon.com/images/I/81LdIsXGVmL._AC_UL320_.jpg"
6,46,296,"B00XJENCDQ",false,30,"INR",0,0,0,502,4.3,"https://www.amazon.in/dp/B00XJENCDQ","2158.60",false,false,false,false,"Sunfeast Dark Fantasy Chocolate, 100 g","https://m.media-amazon.com/images/I/71LusMnrIaS._AC_UL320_.jpg"
6,47,297,"B07L13FBK2",true,85,"INR",110,25,22.73,2497,4.2,"https://www.amazon.in/dp/B07L13FBK2","10487.40",false,false,false,false,"Amazon Brand - Vedaka SOYA Mini Chunks, 500g","https://m.media-amazon.com/images/I/91BKcNpNRcL._AC_UL320_.jpg"
7,11,299,"B08F7VNQ1Z",true,329,"INR",600,271,45.17,1112,4.1,"https://www.amazon.in/dp/B08F7VNQ1Z","4559.20",false,false,false,false,"UpCrop California Extra-Light Halves Walnut Kernels 200gm","https://m.media-amazon.com/images/I/61aGqcQxHMS._AC_UL320_.jpg"
7,12,300,"B01GCEW1F4",true,838,"INR",930,92,9.89,5313,4.3,"https://www.amazon.in/dp/B01GCEW1F4","22845.90",false,false,false,false,"Fortune Soya Bean Oil, Refined 5L Can","https://m.media-amazon.com/images/I/417VoCGPr7L._AC_UL320_.jpg"
7,13,301,"B01MS8C31P",true,140,"INR",150,10,6.67,3000,4.3,"https://www.amazon.in/dp/B01MS8C31P","12900.00",false,false,false,false,"Santoor Sandalwood and Almond milk Organic Soft Bath Soap for Softer, Smoother and Moisturised Skin, Combo Offer 125 g Buy...","https://m.media-amazon.com/images/I/71tPHg1AmeS._AC_UL320_.jpg"
7,15,303,"B09BFHV39H",true,55,"INR",80,25,31.25,6,3.6,"https://www.amazon.in/dp/B09BFHV39H","21.60",false,false,false,false,"Minute Maid Mix Fruit Juice","https://m.media-amazon.com/images/I/710ooCddnGL._AC_UL320_.jpg"
7,16,304,"B097V3SL1M",false,10,"INR",0,0,0,3,3.8,"https://www.amazon.in/dp/B097V3SL1M","11.40",false,false,false,false,"NJN Salted Peanuts - Pouch, 38 g","https://m.media-amazon.com/images/I/51pyX6runoS._AC_UL320_.jpg"
7,18,306,"B01H5LPOZM",false,30,"INR",0,0,0,1226,4.4,"https://www.amazon.in/dp/B01H5LPOZM","5394.40",false,false,false,false,"Parle krackjack Biscuit, 200g","https://m.media-amazon.com/images/I/914Vkl9IEDL._AC_UL320_.jpg"